log(g),0.05,0.05-error,0.1,0.1-error,0.3,0.3-error,
-0.39794 , 0.67656091, 0.07897115,2.52413852, 0.01302121,2.58854818, 0.00913158 ,
0.255273 , 0.48297315, 0.04145752,1.32742116, 0.00711031,1.39058359, 0.00300838 ,
0.60206 , 0.75128739, 0.06013105,0.73544001, 0.00244712,0.81955962, 0.00130605 ,
1 , 1.73765961, 0.05655815,0.56284143, 0.00113858,0.64966019, 0.00071912 ,
1.30103 , 3.20377368, 0.09518412,0.49528173, 0.00107184,0.58030337, 0.00051388 ,
1.60206 , 6.93024660, 0.14342554,0.46744972, 0.00078793,0.55126964, 0.00045885 ,
1.69897 , 8.72629158, 0.14437543,0.46124757, 0.00070833,0.54244115, 0.00039672 ,
2 , 16.77660422, 0.61614982,0.46364405, 0.00058102,0.54603847, 0.00049200 ,
2.30103 , 32.93400458, 0.75958067,0.47437204, 0.00065447,0.55637353, 0.00040581 ,
2.47712 , 49.48294530, 0.85509367,0.49125318, 0.00069312,0.57086765, 0.00034180 ,
3 , 155.38836419, 4.56468646,0.51098645, 0.00068069,0.59064716, 0.00041523 ,
4 , 1208.47531737, 109.73680652,0.78046318, 0.00098681,0.84863589, 0.00072085 ,
,1.75473353, 0.00453825,1.78888900, 0.00248368 ,
,3.40954104, 0.01684313,3.41402353, 0.00634600 ,
,6.74808100, 0.03694403,6.76061709, 0.02208299 ,
,8.47572057, 0.09313082,8.44374286, 0.03353895 ,
,17.21904839, 0.15663980,16.94311331, 0.14414615 ,
,34.34996716, 0.55268746,34.13045849, 0.26498358 ,
,49.06150178, 0.75943921,50.90827102, 0.31440777 ,
,164.52054509, 5.63346152,168.96655037, 2.44919110 ,
,1566.58458872, 110.26105137,1626.22912227, 69.27090699 ,
