log(g),0.05,0.05-error,0.1,0.1-error,0.3,0.3-error,
-0.221849 , 0.50287827, 0.09744573,2.56261748, 0.02088943,2.58921347, 0.00821849 ,
0.30103 , 0.47324663, 0.06642168,1.33626803, 0.00636289,1.39834848, 0.00340274 ,
0.60206 , 0.39623645, 0.09438666,0.73907896, 0.00197162,0.82271340, 0.00154611 ,
1.30103 , 3.28923391, 0.16670153,0.56430296, 0.00126617,0.65440675, 0.00064418 ,
1.60206 , 6.68961716, 0.31012594,0.49527973, 0.00096839,0.58724788, 0.00048295 ,
1.69897 , 8.51830541, 0.43630671,0.46635725, 0.00079189,0.56114517, 0.00038554 ,
2 , 17.04621853, 0.56212660,0.45959801, 0.00060209,0.55406087, 0.00051912 ,
2.30103 , 32.55480894, 0.84023529,0.46480898, 0.00064466,0.55601782, 0.00038623 ,
2.47712 , 48.63522823, 0.87986596,0.47531824, 0.00074272,0.56951785, 0.00053533 ,
3 , 154.76789680, 4.59241145,0.49015258, 0.00076842,0.58649909, 0.00042984 ,
4 , 1517.96376985, 144.02619977,0.51097144, 0.00084796,0.60613408, 0.00045235 ,
,0.78595038, 0.00148835,0.87601138, 0.00099233 ,
,1.76480357, 0.00497583,1.83558532, 0.00215662 ,
,3.42840545, 0.01957423,3.48457453, 0.00983548 ,
,6.80852157, 0.05810602,6.80749783, 0.02471548 ,
,8.48905457, 0.06000174,8.51443855, 0.03009642 ,
,16.54658685, 0.12386864,16.77963476, 0.08255077 ,
,34.57097953, 0.52136605,33.82687146, 0.24046687 ,
,49.27485013, 0.68247521,50.81839316, 0.68410963 ,
,158.09860257, 4.37134480,164.17291395, 2.32319375 ,
,1501.72893557, 84.34212812,1524.85806760, 58.32821421 ,
